{"options":{"gameWindowShowBoostedCreatureMessages":true,"gameWindowShowHotkeyUsageMessages":true,"gameWindowShowLootHighlighting":true,"gameWindowShowLootMessages":true,"gameWindowShowMessages":true,"gameWindowShowOfflineTrainingMessages":true,"gameWindowShowOthersSpells":true,"gameWindowShowOwnSpells":true,"gameWindowShowPotionMessages":true,"gameWindowShowPrivateMessages":true,"gameWindowShowStoreMessages":true,"gameWindowShowTargetHighlight":true,"gameWindowShowTextualEffects":true,"gameWindowShowTragetFrame":true,"gameWindowUpperPaneHeight":362,"inspectPlayerAllowAllEnabled":false,"keyboardDelayMs":250,"keyboardDelayUseDefault":true,"lightAmbientLevel":0.25,"lightAttenuationCloudsIndoor":0.75,"openNewPrivateMessagesInNewTab":false,"lightEffectsEnabled":true,"lightLevelSeparatorLevel":0.80000001192093,"linkCopyWarningEnabled":true,"loginEmailAddress":"","lootSchemeIndex":0,"marketShowLockerOnly":false,"mouseAnimatedCursor":true,"mouseBigCursor":false,"mouseHighlightTarget":true,"nextOSWarningTimestamp":0,"optionsShowAdvanced":false,"playerHudArcHeight":0.34999999403954,"playerHudArcOpacity":1,"soundVipEnabled":true,"combatShowPvpFrames":true,"ChatEnabled":true,"soundPartyEnabled":true,"GuildMessagesEnabled":true,"PartyMessagesEnabled":true,"PrivateMessagesEnabled":true,"PrivateMessagesWithoutTabEnabled":true,"soundMasterVolume":100,"SystemMessagesEnabled":true,"TeamFinderMessagesEnabled":true,"actionBarsShowBottom":true,"actionBarsShowLeft":true,"soundBattleOwnVolume":100,"soundBattleOwnSupportSpellsEnabled":true,"soundBattleOwnSpellsEnabled":true,"soundBattleOwnHealingSpellsEnabled":true,"soundBattleOwnAttackSpellsEnabled":true,"soundBattleOthersWeaponsEnabled":true,"soundAnthemEnabled":true,"GlobalMessagesEnabled":true,"soundAmbienceVolume":100,"showFpsLagIndicator":false,"showExpireWhenUnused":true,"showExpireInInventory":true,"showExpireInContainers":false,"showEMailAsPlainText":true,"sessionRemainLoggedIn":true,"screnshotsOnlyGameWindow":true,"screenshotsUseBacklog":false,"screenshotsTrackedLootEnabled":false,"screenshotsSkillUpEnabled":true,"screenshotsRewardChestEnabled":false,"screenshotsPvPAttackEnabled":false,"screenshotsPlayerKillFullEnabled":false,"screenshotsPlayerKillAssistEnabled":false,"screenshotsNewMaxHealingEnabled":false,"screenshotsNewMaxDamageEnabled":false,"characterSelectionSortColumn":1,"RaidMessagesEnabled":true,"mouseSystemCursor":false,"consoleShowEventMessages":true,"connectionStabilityOptimizationEnabled":true,"combatShowFrames":true,"colorizeLootStyle":1,"actionButtonShowHotkey":true,"actionButtonShowGraphicalCooldown":true,"actionButtonShowCooldownNumbers":true,"actionButtonShowAmount":true,"actionButtonAllowTooltip":true,"actionBarsShowRight":true,"soundBattleOwnWeaponsEnabled":true,"soundEatingEnabled":true,"soundEventsVolume":100,"soundMasterVolumeOld":100,"soundMusicVolume":50,"actionBarShowLeft3":false,"NpcMessageseEnabled":true,"playerShowName":true,"soundUiInteractionsEnabled":true,"soundUiVolume":100,"playerHudArcDistance":0.25,"playerHudShowArcs":false,"screenshotsLevelUpEnabled":true,"soundMoveItemEnabled":true,"playerShowHealth":true,"soundItemsVolume":100,"soundBattleOthersAttackSpellsEnabled":true,"playerHudArcWidth":10,"playerHudEnabled":true,"consoleShowTimestampsSeconds":false,"playerHudShowBars":true,"controlSchemeIndex":2,"playerShowMarks":true,"quickLogin":true,"dragAndDropDefaultActionIsMoveAll":true,"screenshotsLowHitPointsEnabled":false,"vSyncEnabled":false,"creatueShowNpcIcon":true,"gameWindowScaleOnlyByEvenMultiples":false,"gameWindowResizingMode":0,"gameWindowLowerPaneHeight":216,"frameRateLimitEnabled":true,"soundBattleCreaturesDeathEnabled":true,"frameRateLimit":60,"emergencyDialogVersion":0,"creatureShowName":true,"creatureShowHealth":true,"consoleShowInfoMessages":true,"creatureShowMarks":true,"storeAskBeforeBuyingProducts":true,"statusPanelEnabled":false,"screenshotsGiftOfLifeEnabled":true,"stashAskBeforeStowContainerContent":true,"statusBarEnabled":true,"consoleShowJoinLeaveMessages":true,"consoleShowLevels":true,"actionButtonShowSpellParameters":true,"antialiasingMode":2,"autoChaseEnabled":false,"charTradePaymentRemindAgain":0,"characterSelectionShowHidden":true,"characterSelectionShowOutfits":true,"characterSelectionSortAscendingOrder":true,"consoleShowStatusMessagesOfOthers":true,"consoleShowStatusMessagesOwn":true,"consoleShowTimestamps":true,"playerShowMana":true,"cooldownBarEnabled":true,"creatureHudEnabled":true,"quickLootAllCorpsesOnCoordinateEnabled":true,"rememberLoginEmail":false,"rendererIndex":0,"rotateWithAlt":false,"rotateWithCtrl":true,"rotateWithShift":false,"screenshotsAchievementEnabled":true,"screenshotsAutoScreenshotsEnabled":false,"screenshotsBestiaryFullEnabled":false,"screenshotsBestiaryPartlyEnabled":false,"screenshotsBossKillEnabled":false,"screenshotsDeathPvEEnabled":true,"screenshotsDeathPvPEnabled":true,"actionBarBottomLocked":false,"actionBarLeftLocked":false,"actionBarRightLocked":false,"actionBarShowRight3":false,"actionBarShowRight2":false,"actionBarShowLeft2":false,"actionBarShowLeft1":false,"actionBarShowBottom3":false,"actionBarShowBottom2":false,"actionBarShowBottom1":true,"actionBarShowRight1":false,"soundBattleCreaturesAttacksEnabled":true,"soundBattleCreaturesNoisesEnabled":true,"soundBattleCreaturesVolume":100,"soundBattleOthersHealingSpellsEnabled":true,"soundBattleOthersSpellsEnabled":true,"soundBattleOthersSupportSpellsEnabled":true,"soundBattleOthersVolume":100},"chatOptions":{"chatModeOn":false,"openChannels":[],"lootChannelOpen":false},"clientOptionsVersion":6,"rendererChangeConfirmationRequired":false,"clientWindowOptions":{"clientWindowScreenName":"\\\\.\\DISPLAY1","clientWindowPositionY":195,"clientWindowWidth":1020,"clientWindowIsMaximized":false,"clientWindowPositionX":450,"clientWindowHeight":650,"clientWindowIsBorderless":false},"profiles":["Druid","Knight","Paladin","Sorcerer","Monk"],"pinnedCharacters":[],"hotkeyOptions":{"showStaticHotkeysFirst":true,"hotkeySets":{"Knight":{"chatOff":[{"actionsetting":{"action":"GoWest"},"keysequence":"A"},{"actionsetting":{"action":"GoSouthEast"},"keysequence":"C"},{"actionsetting":{"action":"GoEast"},"keysequence":"D"},{"actionsetting":{"action":"GoNorthEast"},"keysequence":"E"},{"actionsetting":{"action":"GoNorthWest"},"keysequence":"Q"},{"actionsetting":{"action":"GoSouth"},"keysequence":"S"},{"actionsetting":{"action":"GoNorth"},"keysequence":"W"},{"actionsetting":{"action":"GoSouthWest"},"keysequence":"Z"},{"actionsetting":{"action":"StopPlayer"},"keysequence":"Esc"},{"actionsetting":{"action":"NextChannel"},"keysequence":"Tab"},{"actionsetting":{"action":"ChatModeTemporaryOnEnter"},"keysequence":"Enter"},{"keysequence":"Num+Enter","secondary":true,"actionsetting":{"action":"ChatModeTemporaryOnEnter"}},{"actionsetting":{"action":"TriggerActionButton_1.1"},"keysequence":"F1"},{"actionsetting":{"action":"TriggerActionButton_1.2"},"keysequence":"F2"},{"actionsetting":{"action":"TriggerActionButton_1.4"},"keysequence":"F4"},{"actionsetting":{"action":"TriggerActionButton_1.5"},"keysequence":"F5"},{"actionsetting":{"action":"TriggerActionButton_1.6"},"keysequence":"F6"},{"actionsetting":{"action":"TriggerActionButton_1.7"},"keysequence":"F7"},{"actionsetting":{"action":"TriggerActionButton_1.8"},"keysequence":"F8"},{"actionsetting":{"action":"TriggerActionButton_1.9"},"keysequence":"F9"},{"actionsetting":{"action":"TriggerActionButton_1.10"},"keysequence":"F10"},{"actionsetting":{"action":"TriggerActionButton_1.11"},"keysequence":"F11"},{"actionsetting":{"action":"TriggerActionButton_1.12"},"keysequence":"F12"},{"actionsetting":{"action":"PreviousChannel"},"keysequence":"Shift+Tab"},{"actionsetting":{"action":"AttackNextTarget"},"keysequence":"Space"},{"actionsetting":{"action":"AttackPreviousTarget"},"keysequence":"Ctrl+Space"},{"actionsetting":{"action":"ToggleBattlelist"},"keysequence":"Ctrl+B"},{"actionsetting":{"action":"Copy"},"keysequence":"Ctrl+C"},{"actionsetting":{"action":"CloseCurrentChannel"},"keysequence":"Ctrl+E"},{"actionsetting":{"action":"ToggleFullscreen"},"keysequence":"Ctrl+F"},{"actionsetting":{"action":"ChangeCharacter"},"keysequence":"Ctrl+G"},{"actionsetting":{"action":"HelperStatus"},"keysequence":"Pause"},{"actionsetting":{"action":"HelperTarget"},"keysequence":"Shift+Pause"},{"actionsetting":{"action":"HelperShooter"},"keysequence":"Alt+Pause"},{"actionsetting":{"action":"ShowHelper"},"keysequence":"Ctrl+H"},{"actionsetting":{"action":"ShowIgnorelist"},"keysequence":"Ctrl+I"},{"actionsetting":{"action":"NextHotkeyPreset"},"keysequence":"Ctrl+J"},{"actionsetting":{"action":"ShowOptionsHotkeys"},"keysequence":"Ctrl+K"},{"actionsetting":{"action":"Logout"},"keysequence":"Ctrl+L"},{"actionsetting":{"action":"ToggleShowServermessagesInCurrentChannel"},"keysequence":"Ctrl+M"},{"actionsetting":{"action":"ToggleCreatureHudsVisible"},"keysequence":"Ctrl+N"},{"actionsetting":{"action":"OpenChannelList"},"keysequence":"Ctrl+O"},{"actionsetting":{"action":"ToggleVipWidget"},"keysequence":"Ctrl+P"},{"actionsetting":{"action":"Logout"},"keysequence":"Ctrl+Q"},{"actionsetting":{"action":"ToggleMounted"},"keysequence":"Ctrl+R"},{"actionsetting":{"action":"OpenHelpChannel"},"keysequence":"Ctrl+T"},{"actionsetting":{"action":"ShowQuestlog"},"keysequence":"Ctrl+U"},{"actionsetting":{"action":"ShowPrey"},"keysequence":"Ctrl+Y"},{"actionsetting":{"action":"Bugreport"},"keysequence":"Ctrl+Z"},{"actionsetting":{"action":"ShowDefaultChannel"},"keysequence":"Alt+D"},{"actionsetting":{"action":"ToggleSpellListWidget"},"keysequence":"Alt+L"},{"actionsetting":{"action":"ToggleSkillsWidget"},"keysequence":"Alt+S"},{"actionsetting":{"action":"ClearOldestMessage"},"keysequence":"Alt+W"},{"actionsetting":{"action":"ToggleFullscreen"},"keysequence":"Alt+Enter"},{"actionsetting":{"action":"MinimapZoomOut"},"keysequence":"Alt+Home"},{"actionsetting":{"action":"MinimapZoomIn"},"keysequence":"Alt+End"},{"actionsetting":{"action":"MinimapScrollWest"},"keysequence":"Alt+Left"},{"actionsetting":{"action":"MinimapScrollNorth"},"keysequence":"Alt+Up"},{"actionsetting":{"action":"MinimapScrollEast"},"keysequence":"Alt+Right"},{"actionsetting":{"action":"MinimapScrollSouth"},"keysequence":"Alt+Down"},{"actionsetting":{"action":"MinimapFloorUp"},"keysequence":"Alt+PageUp"},{"actionsetting":{"action":"MinimapFloorDown"},"keysequence":"Alt+PageDown"},{"actionsetting":{"action":"MinimapShow"},"keysequence":"Alt+M"},{"actionsetting":{"action":"ToggleFPSLagIndicator"},"keysequence":"Alt+F8"},{"actionsetting":{"action":"QuickLootAreaAtPlayer"},"keysequence":"Alt+Q"},{"actionsetting":{"action":"ToggleManualSortMode"},"keysequence":"Ctrl+S"},{"actionsetting":{"action":"TriggerActionButton_1.13"},"keysequence":"M"},{"actionsetting":{"action":"TriggerActionButton_1.14"},"keysequence":"F"},{"keysequence":"3","actionsetting":{"action":"TriggerActionButton_1.3"}},{"keysequence":"PageUp","actionsetting":{"action":"TriggerActionButton_1.15"}},{"keysequence":"PageDown","actionsetting":{"action":"TriggerActionButton_1.16"}}],"chatOn":[{"actionsetting":{"action":"StopPlayer"},"keysequence":"Esc"},{"actionsetting":{"action":"NextChannel"},"keysequence":"Tab"},{"actionsetting":{"action":"PressEnterInChat"},"keysequence":"Enter"},{"keysequence":"Num+Enter","secondary":true,"actionsetting":{"action":"PressEnterInChat"}},{"actionsetting":{"action":"TriggerActionButton_1.1"},"keysequence":"F1"},{"actionsetting":{"action":"TriggerActionButton_1.2"},"keysequence":"F2"},{"actionsetting":{"action":"TriggerActionButton_1.3"},"keysequence":"F3"},{"actionsetting":{"action":"TriggerActionButton_1.4"},"keysequence":"F4"},{"actionsetting":{"action":"TriggerActionButton_1.5"},"keysequence":"F5"},{"actionsetting":{"action":"TriggerActionButton_1.6"},"keysequence":"F6"},{"actionsetting":{"action":"TriggerActionButton_1.7"},"keysequence":"F7"},{"actionsetting":{"action":"TriggerActionButton_1.8"},"keysequence":"F8"},{"actionsetting":{"action":"TriggerActionButton_1.9"},"keysequence":"F9"},{"actionsetting":{"action":"TriggerActionButton_1.10"},"keysequence":"F10"},{"actionsetting":{"action":"TriggerActionButton_1.11"},"keysequence":"F11"},{"actionsetting":{"action":"TriggerActionButton_1.12"},"keysequence":"F12"},{"actionsetting":{"action":"PreviousChannel"},"keysequence":"Shift+Tab"},{"actionsetting":{"action":"SelectAll"},"keysequence":"Ctrl+A"},{"actionsetting":{"action":"ToggleBattlelist"},"keysequence":"Ctrl+B"},{"actionsetting":{"action":"Copy"},"keysequence":"Ctrl+C"},{"actionsetting":{"action":"CloseCurrentChannel"},"keysequence":"Ctrl+E"},{"actionsetting":{"action":"ToggleFullscreen"},"keysequence":"Ctrl+F"},{"actionsetting":{"action":"ChangeCharacter"},"keysequence":"Ctrl+G"},{"actionsetting":{"action":"HelperStatus"},"keysequence":"Pause"},{"actionsetting":{"action":"HelperTarget"},"keysequence":"Shift+Pause"},{"actionsetting":{"action":"HelperShooter"},"keysequence":"Alt+Pause"},{"actionsetting":{"action":"ShowHelper"},"keysequence":"Ctrl+H"},{"actionsetting":{"action":"ShowIgnorelist"},"keysequence":"Ctrl+I"},{"actionsetting":{"action":"NextHotkeyPreset"},"keysequence":"Ctrl+J"},{"actionsetting":{"action":"ShowOptionsHotkeys"},"keysequence":"Ctrl+K"},{"actionsetting":{"action":"Logout"},"keysequence":"Ctrl+L"},{"actionsetting":{"action":"ToggleShowServermessagesInCurrentChannel"},"keysequence":"Ctrl+M"},{"actionsetting":{"action":"ToggleCreatureHudsVisible"},"keysequence":"Ctrl+N"},{"actionsetting":{"action":"OpenChannelList"},"keysequence":"Ctrl+O"},{"actionsetting":{"action":"ToggleVipWidget"},"keysequence":"Ctrl+P"},{"actionsetting":{"action":"Logout"},"keysequence":"Ctrl+Q"},{"actionsetting":{"action":"ToggleMounted"},"keysequence":"Ctrl+R"},{"actionsetting":{"action":"OpenHelpChannel"},"keysequence":"Ctrl+T"},{"actionsetting":{"action":"ShowQuestlog"},"keysequence":"Ctrl+U"},{"actionsetting":{"action":"ShowPrey"},"keysequence":"Ctrl+Y"},{"actionsetting":{"action":"Bugreport"},"keysequence":"Ctrl+Z"},{"actionsetting":{"action":"ShowDefaultChannel"},"keysequence":"Alt+D"},{"actionsetting":{"action":"ToggleSpellListWidget"},"keysequence":"Alt+L"},{"actionsetting":{"action":"ToggleSkillsWidget"},"keysequence":"Alt+S"},{"actionsetting":{"action":"ClearOldestMessage"},"keysequence":"Alt+W"},{"actionsetting":{"action":"ToggleFullscreen"},"keysequence":"Alt+Enter"},{"actionsetting":{"action":"MinimapZoomOut"},"keysequence":"Alt+Home"},{"actionsetting":{"action":"MinimapZoomIn"},"keysequence":"Alt+End"},{"actionsetting":{"action":"MinimapScrollWest"},"keysequence":"Alt+Left"},{"actionsetting":{"action":"MinimapScrollNorth"},"keysequence":"Alt+Up"},{"actionsetting":{"action":"MinimapScrollEast"},"keysequence":"Alt+Right"},{"actionsetting":{"action":"MinimapScrollSouth"},"keysequence":"Alt+Down"},{"actionsetting":{"action":"MinimapFloorUp"},"keysequence":"Alt+PageUp"},{"actionsetting":{"action":"MinimapFloorDown"},"keysequence":"Alt+PageDown"},{"actionsetting":{"action":"MinimapShow"},"keysequence":"Alt+M"},{"actionsetting":{"action":"ToggleFPSLagIndicator"},"keysequence":"Alt+F8"},{"actionsetting":{"action":"QuickLootAreaAtPlayer"},"keysequence":"Alt+Q"},{"actionsetting":{"action":"ToggleManualSortMode"},"keysequence":"Ctrl+S"}],"actionBarOptions":{"mappings":[{"actionButton":1,"actionBar":1,"actionsetting":{"chatText":"exura gran","sendAutomatically":true}},{"actionButton":2,"actionBar":1,"actionsetting":{"chatText":"exura vita","sendAutomatically":true}},{"actionButton":3,"actionBar":1,"actionsetting":{"useObject":3191,"useType":"UseOnYourself"}},{"actionButton":4,"actionBar":1,"actionsetting":{"chatText":"exori infir min","sendAutomatically":true}},{"actionButton":13,"actionBar":1,"actionsetting":{"useObject":23373,"useType":"UseOnYourself"}},{"actionButton":5,"actionBar":1,"actionsetting":{"chatText":"exani tera","sendAutomatically":true}},{"actionButton":14,"actionBar":1,"actionsetting":{"useObject":3161,"useType":"UseOnYourself"}},{"actionButton":15,"actionBar":1,"actionsetting":{"chatText":"exani hur \"up\"","sendAutomatically":true}},{"actionButton":16,"actionBar":1,"actionsetting":{"chatText":"exani hur \"down\"","sendAutomatically":true}},{"actionButton":17,"actionBar":1,"actionsetting":{"chatText":"exori mort","sendAutomatically":true}},{"actionButton":18,"actionBar":1,"actionsetting":{"chatText":"exori vis","sendAutomatically":true}},{"actionButton":20,"actionBar":1,"actionsetting":{"chatText":"exevo gran mas flam","sendAutomatically":true}},{"actionButton":21,"actionBar":1,"actionsetting":{"chatText":"utani gran hur","sendAutomatically":true}}]}},"Paladin":{"chatOff":[{"actionsetting":{"action":"GoWest"},"keysequence":"A"},{"actionsetting":{"action":"GoSouthEast"},"keysequence":"C"},{"actionsetting":{"action":"GoEast"},"keysequence":"D"},{"actionsetting":{"action":"GoNorthEast"},"keysequence":"E"},{"actionsetting":{"action":"GoNorthWest"},"keysequence":"Q"},{"actionsetting":{"action":"GoSouth"},"keysequence":"S"},{"actionsetting":{"action":"GoNorth"},"keysequence":"W"},{"actionsetting":{"action":"GoSouthWest"},"keysequence":"Z"},{"actionsetting":{"action":"StopPlayer"},"keysequence":"Esc"},{"actionsetting":{"action":"NextChannel"},"keysequence":"Tab"},{"actionsetting":{"action":"ChatModeTemporaryOnEnter"},"keysequence":"Enter"},{"keysequence":"Num+Enter","secondary":true,"actionsetting":{"action":"ChatModeTemporaryOnEnter"}},{"actionsetting":{"action":"TriggerActionButton_1.1"},"keysequence":"F1"},{"actionsetting":{"action":"TriggerActionButton_1.2"},"keysequence":"F2"},{"actionsetting":{"action":"TriggerActionButton_1.3"},"keysequence":"F3"},{"actionsetting":{"action":"TriggerActionButton_1.4"},"keysequence":"F4"},{"actionsetting":{"action":"TriggerActionButton_1.5"},"keysequence":"F5"},{"actionsetting":{"action":"TriggerActionButton_1.6"},"keysequence":"F6"},{"actionsetting":{"action":"TriggerActionButton_1.7"},"keysequence":"F7"},{"actionsetting":{"action":"TriggerActionButton_1.8"},"keysequence":"F8"},{"actionsetting":{"action":"TriggerActionButton_1.9"},"keysequence":"F9"},{"actionsetting":{"action":"TriggerActionButton_1.10"},"keysequence":"F10"},{"actionsetting":{"action":"TriggerActionButton_1.11"},"keysequence":"F11"},{"actionsetting":{"action":"TriggerActionButton_1.12"},"keysequence":"F12"},{"actionsetting":{"action":"PreviousChannel"},"keysequence":"Shift+Tab"},{"actionsetting":{"action":"AttackNextTarget"},"keysequence":"Space"},{"actionsetting":{"action":"AttackPreviousTarget"},"keysequence":"Ctrl+Space"},{"actionsetting":{"action":"ToggleBattlelist"},"keysequence":"Ctrl+B"},{"actionsetting":{"action":"Copy"},"keysequence":"Ctrl+C"},{"actionsetting":{"action":"CloseCurrentChannel"},"keysequence":"Ctrl+E"},{"actionsetting":{"action":"ToggleFullscreen"},"keysequence":"Ctrl+F"},{"actionsetting":{"action":"ChangeCharacter"},"keysequence":"Ctrl+G"},{"actionsetting":{"action":"HelperStatus"},"keysequence":"Pause"},{"actionsetting":{"action":"HelperTarget"},"keysequence":"Shift+Pause"},{"actionsetting":{"action":"HelperShooter"},"keysequence":"Alt+Pause"},{"actionsetting":{"action":"ShowHelper"},"keysequence":"Ctrl+H"},{"actionsetting":{"action":"ShowIgnorelist"},"keysequence":"Ctrl+I"},{"actionsetting":{"action":"NextHotkeyPreset"},"keysequence":"Ctrl+J"},{"actionsetting":{"action":"ShowOptionsHotkeys"},"keysequence":"Ctrl+K"},{"actionsetting":{"action":"Logout"},"keysequence":"Ctrl+L"},{"actionsetting":{"action":"ToggleShowServermessagesInCurrentChannel"},"keysequence":"Ctrl+M"},{"actionsetting":{"action":"ToggleCreatureHudsVisible"},"keysequence":"Ctrl+N"},{"actionsetting":{"action":"OpenChannelList"},"keysequence":"Ctrl+O"},{"actionsetting":{"action":"ToggleVipWidget"},"keysequence":"Ctrl+P"},{"actionsetting":{"action":"Logout"},"keysequence":"Ctrl+Q"},{"actionsetting":{"action":"ToggleMounted"},"keysequence":"Ctrl+R"},{"actionsetting":{"action":"OpenHelpChannel"},"keysequence":"Ctrl+T"},{"actionsetting":{"action":"ShowQuestlog"},"keysequence":"Ctrl+U"},{"actionsetting":{"action":"ShowPrey"},"keysequence":"Ctrl+Y"},{"actionsetting":{"action":"Bugreport"},"keysequence":"Ctrl+Z"},{"actionsetting":{"action":"ShowDefaultChannel"},"keysequence":"Alt+D"},{"actionsetting":{"action":"ToggleSpellListWidget"},"keysequence":"Alt+L"},{"actionsetting":{"action":"ToggleSkillsWidget"},"keysequence":"Alt+S"},{"actionsetting":{"action":"ClearOldestMessage"},"keysequence":"Alt+W"},{"actionsetting":{"action":"ToggleFullscreen"},"keysequence":"Alt+Enter"},{"actionsetting":{"action":"MinimapZoomOut"},"keysequence":"Alt+Home"},{"actionsetting":{"action":"MinimapZoomIn"},"keysequence":"Alt+End"},{"actionsetting":{"action":"MinimapScrollWest"},"keysequence":"Alt+Left"},{"actionsetting":{"action":"MinimapScrollNorth"},"keysequence":"Alt+Up"},{"actionsetting":{"action":"MinimapScrollEast"},"keysequence":"Alt+Right"},{"actionsetting":{"action":"MinimapScrollSouth"},"keysequence":"Alt+Down"},{"actionsetting":{"action":"MinimapFloorUp"},"keysequence":"Alt+PageUp"},{"actionsetting":{"action":"MinimapFloorDown"},"keysequence":"Alt+PageDown"},{"actionsetting":{"action":"MinimapShow"},"keysequence":"Alt+M"},{"actionsetting":{"action":"ToggleFPSLagIndicator"},"keysequence":"Alt+F8"},{"actionsetting":{"action":"QuickLootAreaAtPlayer"},"keysequence":"Alt+Q"},{"actionsetting":{"action":"ToggleManualSortMode"},"keysequence":"Ctrl+S"}],"chatOn":[{"actionsetting":{"action":"StopPlayer"},"keysequence":"Esc"},{"actionsetting":{"action":"NextChannel"},"keysequence":"Tab"},{"actionsetting":{"action":"PressEnterInChat"},"keysequence":"Enter"},{"keysequence":"Num+Enter","secondary":true,"actionsetting":{"action":"PressEnterInChat"}},{"actionsetting":{"action":"TriggerActionButton_1.1"},"keysequence":"F1"},{"actionsetting":{"action":"TriggerActionButton_1.2"},"keysequence":"F2"},{"actionsetting":{"action":"TriggerActionButton_1.3"},"keysequence":"F3"},{"actionsetting":{"action":"TriggerActionButton_1.4"},"keysequence":"F4"},{"actionsetting":{"action":"TriggerActionButton_1.5"},"keysequence":"F5"},{"actionsetting":{"action":"TriggerActionButton_1.6"},"keysequence":"F6"},{"actionsetting":{"action":"TriggerActionButton_1.7"},"keysequence":"F7"},{"actionsetting":{"action":"TriggerActionButton_1.8"},"keysequence":"F8"},{"actionsetting":{"action":"TriggerActionButton_1.9"},"keysequence":"F9"},{"actionsetting":{"action":"TriggerActionButton_1.10"},"keysequence":"F10"},{"actionsetting":{"action":"TriggerActionButton_1.11"},"keysequence":"F11"},{"actionsetting":{"action":"TriggerActionButton_1.12"},"keysequence":"F12"},{"actionsetting":{"action":"PreviousChannel"},"keysequence":"Shift+Tab"},{"actionsetting":{"action":"SelectAll"},"keysequence":"Ctrl+A"},{"actionsetting":{"action":"ToggleBattlelist"},"keysequence":"Ctrl+B"},{"actionsetting":{"action":"Copy"},"keysequence":"Ctrl+C"},{"actionsetting":{"action":"CloseCurrentChannel"},"keysequence":"Ctrl+E"},{"actionsetting":{"action":"ToggleFullscreen"},"keysequence":"Ctrl+F"},{"actionsetting":{"action":"ChangeCharacter"},"keysequence":"Ctrl+G"},{"actionsetting":{"action":"HelperStatus"},"keysequence":"Pause"},{"actionsetting":{"action":"HelperTarget"},"keysequence":"Shift+Pause"},{"actionsetting":{"action":"HelperShooter"},"keysequence":"Alt+Pause"},{"actionsetting":{"action":"ShowHelper"},"keysequence":"Ctrl+H"},{"actionsetting":{"action":"ShowIgnorelist"},"keysequence":"Ctrl+I"},{"actionsetting":{"action":"NextHotkeyPreset"},"keysequence":"Ctrl+J"},{"actionsetting":{"action":"ShowOptionsHotkeys"},"keysequence":"Ctrl+K"},{"actionsetting":{"action":"Logout"},"keysequence":"Ctrl+L"},{"actionsetting":{"action":"ToggleShowServermessagesInCurrentChannel"},"keysequence":"Ctrl+M"},{"actionsetting":{"action":"ToggleCreatureHudsVisible"},"keysequence":"Ctrl+N"},{"actionsetting":{"action":"OpenChannelList"},"keysequence":"Ctrl+O"},{"actionsetting":{"action":"ToggleVipWidget"},"keysequence":"Ctrl+P"},{"actionsetting":{"action":"Logout"},"keysequence":"Ctrl+Q"},{"actionsetting":{"action":"ToggleMounted"},"keysequence":"Ctrl+R"},{"actionsetting":{"action":"OpenHelpChannel"},"keysequence":"Ctrl+T"},{"actionsetting":{"action":"ShowQuestlog"},"keysequence":"Ctrl+U"},{"actionsetting":{"action":"ShowPrey"},"keysequence":"Ctrl+Y"},{"actionsetting":{"action":"Bugreport"},"keysequence":"Ctrl+Z"},{"actionsetting":{"action":"ShowDefaultChannel"},"keysequence":"Alt+D"},{"actionsetting":{"action":"ToggleSpellListWidget"},"keysequence":"Alt+L"},{"actionsetting":{"action":"ToggleSkillsWidget"},"keysequence":"Alt+S"},{"actionsetting":{"action":"ClearOldestMessage"},"keysequence":"Alt+W"},{"actionsetting":{"action":"ToggleFullscreen"},"keysequence":"Alt+Enter"},{"actionsetting":{"action":"MinimapZoomOut"},"keysequence":"Alt+Home"},{"actionsetting":{"action":"MinimapZoomIn"},"keysequence":"Alt+End"},{"actionsetting":{"action":"MinimapScrollWest"},"keysequence":"Alt+Left"},{"actionsetting":{"action":"MinimapScrollNorth"},"keysequence":"Alt+Up"},{"actionsetting":{"action":"MinimapScrollEast"},"keysequence":"Alt+Right"},{"actionsetting":{"action":"MinimapScrollSouth"},"keysequence":"Alt+Down"},{"actionsetting":{"action":"MinimapFloorUp"},"keysequence":"Alt+PageUp"},{"actionsetting":{"action":"MinimapFloorDown"},"keysequence":"Alt+PageDown"},{"actionsetting":{"action":"MinimapShow"},"keysequence":"Alt+M"},{"actionsetting":{"action":"ToggleFPSLagIndicator"},"keysequence":"Alt+F8"},{"actionsetting":{"action":"QuickLootAreaAtPlayer"},"keysequence":"Alt+Q"},{"actionsetting":{"action":"ToggleManualSortMode"},"keysequence":"Ctrl+S"}],"actionBarOptions":{"mappings":[{"actionButton":1,"actionBar":1,"actionsetting":{"useObject":7876,"useType":"UseOnYourself"}},{"actionButton":2,"actionBar":1,"actionsetting":{"useObject":268,"useType":"UseOnYourself"}},{"actionButton":3,"actionBar":1,"actionsetting":{"chatText":"exura infir","sendAutomatically":true}},{"actionButton":4,"actionBar":1,"actionsetting":{"chatText":"exori san infir","sendAutomatically":true}}]}},"Sorcerer":{"chatOff":[{"actionsetting":{"action":"GoWest"},"keysequence":"A"},{"actionsetting":{"action":"GoSouthEast"},"keysequence":"C"},{"actionsetting":{"action":"GoEast"},"keysequence":"D"},{"actionsetting":{"action":"GoNorthEast"},"keysequence":"E"},{"actionsetting":{"action":"GoNorthWest"},"keysequence":"Q"},{"actionsetting":{"action":"GoSouth"},"keysequence":"S"},{"actionsetting":{"action":"GoNorth"},"keysequence":"W"},{"actionsetting":{"action":"GoSouthWest"},"keysequence":"Z"},{"actionsetting":{"action":"StopPlayer"},"keysequence":"Esc"},{"actionsetting":{"action":"NextChannel"},"keysequence":"Tab"},{"actionsetting":{"action":"ChatModeTemporaryOnEnter"},"keysequence":"Enter"},{"keysequence":"Num+Enter","secondary":true,"actionsetting":{"action":"ChatModeTemporaryOnEnter"}},{"actionsetting":{"action":"TriggerActionButton_1.1"},"keysequence":"F1"},{"actionsetting":{"action":"TriggerActionButton_1.2"},"keysequence":"F2"},{"actionsetting":{"action":"TriggerActionButton_1.3"},"keysequence":"F3"},{"actionsetting":{"action":"TriggerActionButton_1.4"},"keysequence":"F4"},{"actionsetting":{"action":"TriggerActionButton_1.5"},"keysequence":"F5"},{"actionsetting":{"action":"TriggerActionButton_1.6"},"keysequence":"F6"},{"actionsetting":{"action":"TriggerActionButton_1.7"},"keysequence":"F7"},{"actionsetting":{"action":"TriggerActionButton_1.8"},"keysequence":"F8"},{"actionsetting":{"action":"TriggerActionButton_1.9"},"keysequence":"F9"},{"actionsetting":{"action":"TriggerActionButton_1.10"},"keysequence":"F10"},{"actionsetting":{"action":"TriggerActionButton_1.11"},"keysequence":"F11"},{"actionsetting":{"action":"TriggerActionButton_1.12"},"keysequence":"F12"},{"actionsetting":{"action":"PreviousChannel"},"keysequence":"Shift+Tab"},{"actionsetting":{"action":"AttackNextTarget"},"keysequence":"Space"},{"actionsetting":{"action":"AttackPreviousTarget"},"keysequence":"Ctrl+Space"},{"actionsetting":{"action":"ToggleBattlelist"},"keysequence":"Ctrl+B"},{"actionsetting":{"action":"Copy"},"keysequence":"Ctrl+C"},{"actionsetting":{"action":"CloseCurrentChannel"},"keysequence":"Ctrl+E"},{"actionsetting":{"action":"ToggleFullscreen"},"keysequence":"Ctrl+F"},{"actionsetting":{"action":"ChangeCharacter"},"keysequence":"Ctrl+G"},{"actionsetting":{"action":"HelperStatus"},"keysequence":"Pause"},{"actionsetting":{"action":"HelperTarget"},"keysequence":"Shift+Pause"},{"actionsetting":{"action":"HelperShooter"},"keysequence":"Alt+Pause"},{"actionsetting":{"action":"ShowHelper"},"keysequence":"Ctrl+H"},{"actionsetting":{"action":"ShowIgnorelist"},"keysequence":"Ctrl+I"},{"actionsetting":{"action":"NextHotkeyPreset"},"keysequence":"Ctrl+J"},{"actionsetting":{"action":"ShowOptionsHotkeys"},"keysequence":"Ctrl+K"},{"actionsetting":{"action":"Logout"},"keysequence":"Ctrl+L"},{"actionsetting":{"action":"ToggleShowServermessagesInCurrentChannel"},"keysequence":"Ctrl+M"},{"actionsetting":{"action":"ToggleCreatureHudsVisible"},"keysequence":"Ctrl+N"},{"actionsetting":{"action":"OpenChannelList"},"keysequence":"Ctrl+O"},{"actionsetting":{"action":"ToggleVipWidget"},"keysequence":"Ctrl+P"},{"actionsetting":{"action":"Logout"},"keysequence":"Ctrl+Q"},{"actionsetting":{"action":"ToggleMounted"},"keysequence":"Ctrl+R"},{"actionsetting":{"action":"OpenHelpChannel"},"keysequence":"Ctrl+T"},{"actionsetting":{"action":"ShowQuestlog"},"keysequence":"Ctrl+U"},{"actionsetting":{"action":"ShowPrey"},"keysequence":"Ctrl+Y"},{"actionsetting":{"action":"Bugreport"},"keysequence":"Ctrl+Z"},{"actionsetting":{"action":"ShowDefaultChannel"},"keysequence":"Alt+D"},{"actionsetting":{"action":"ToggleSpellListWidget"},"keysequence":"Alt+L"},{"actionsetting":{"action":"ToggleSkillsWidget"},"keysequence":"Alt+S"},{"actionsetting":{"action":"ClearOldestMessage"},"keysequence":"Alt+W"},{"actionsetting":{"action":"ToggleFullscreen"},"keysequence":"Alt+Enter"},{"actionsetting":{"action":"MinimapZoomOut"},"keysequence":"Alt+Home"},{"actionsetting":{"action":"MinimapZoomIn"},"keysequence":"Alt+End"},{"actionsetting":{"action":"MinimapScrollWest"},"keysequence":"Alt+Left"},{"actionsetting":{"action":"MinimapScrollNorth"},"keysequence":"Alt+Up"},{"actionsetting":{"action":"MinimapScrollEast"},"keysequence":"Alt+Right"},{"actionsetting":{"action":"MinimapScrollSouth"},"keysequence":"Alt+Down"},{"actionsetting":{"action":"MinimapFloorUp"},"keysequence":"Alt+PageUp"},{"actionsetting":{"action":"MinimapFloorDown"},"keysequence":"Alt+PageDown"},{"actionsetting":{"action":"MinimapShow"},"keysequence":"Alt+M"},{"actionsetting":{"action":"ToggleFPSLagIndicator"},"keysequence":"Alt+F8"},{"actionsetting":{"action":"QuickLootAreaAtPlayer"},"keysequence":"Alt+Q"},{"actionsetting":{"action":"ToggleManualSortMode"},"keysequence":"Ctrl+S"}],"chatOn":[{"actionsetting":{"action":"StopPlayer"},"keysequence":"Esc"},{"actionsetting":{"action":"NextChannel"},"keysequence":"Tab"},{"actionsetting":{"action":"PressEnterInChat"},"keysequence":"Enter"},{"keysequence":"Num+Enter","secondary":true,"actionsetting":{"action":"PressEnterInChat"}},{"actionsetting":{"action":"TriggerActionButton_1.1"},"keysequence":"F1"},{"actionsetting":{"action":"TriggerActionButton_1.2"},"keysequence":"F2"},{"actionsetting":{"action":"TriggerActionButton_1.3"},"keysequence":"F3"},{"actionsetting":{"action":"TriggerActionButton_1.4"},"keysequence":"F4"},{"actionsetting":{"action":"TriggerActionButton_1.5"},"keysequence":"F5"},{"actionsetting":{"action":"TriggerActionButton_1.6"},"keysequence":"F6"},{"actionsetting":{"action":"TriggerActionButton_1.7"},"keysequence":"F7"},{"actionsetting":{"action":"TriggerActionButton_1.8"},"keysequence":"F8"},{"actionsetting":{"action":"TriggerActionButton_1.9"},"keysequence":"F9"},{"actionsetting":{"action":"TriggerActionButton_1.10"},"keysequence":"F10"},{"actionsetting":{"action":"TriggerActionButton_1.11"},"keysequence":"F11"},{"actionsetting":{"action":"TriggerActionButton_1.12"},"keysequence":"F12"},{"actionsetting":{"action":"PreviousChannel"},"keysequence":"Shift+Tab"},{"actionsetting":{"action":"SelectAll"},"keysequence":"Ctrl+A"},{"actionsetting":{"action":"ToggleBattlelist"},"keysequence":"Ctrl+B"},{"actionsetting":{"action":"Copy"},"keysequence":"Ctrl+C"},{"actionsetting":{"action":"CloseCurrentChannel"},"keysequence":"Ctrl+E"},{"actionsetting":{"action":"ToggleFullscreen"},"keysequence":"Ctrl+F"},{"actionsetting":{"action":"ChangeCharacter"},"keysequence":"Ctrl+G"},{"actionsetting":{"action":"HelperStatus"},"keysequence":"Pause"},{"actionsetting":{"action":"HelperTarget"},"keysequence":"Shift+Pause"},{"actionsetting":{"action":"HelperShooter"},"keysequence":"Alt+Pause"},{"actionsetting":{"action":"ShowHelper"},"keysequence":"Ctrl+H"},{"actionsetting":{"action":"ShowIgnorelist"},"keysequence":"Ctrl+I"},{"actionsetting":{"action":"NextHotkeyPreset"},"keysequence":"Ctrl+J"},{"actionsetting":{"action":"ShowOptionsHotkeys"},"keysequence":"Ctrl+K"},{"actionsetting":{"action":"Logout"},"keysequence":"Ctrl+L"},{"actionsetting":{"action":"ToggleShowServermessagesInCurrentChannel"},"keysequence":"Ctrl+M"},{"actionsetting":{"action":"ToggleCreatureHudsVisible"},"keysequence":"Ctrl+N"},{"actionsetting":{"action":"OpenChannelList"},"keysequence":"Ctrl+O"},{"actionsetting":{"action":"ToggleVipWidget"},"keysequence":"Ctrl+P"},{"actionsetting":{"action":"Logout"},"keysequence":"Ctrl+Q"},{"actionsetting":{"action":"ToggleMounted"},"keysequence":"Ctrl+R"},{"actionsetting":{"action":"OpenHelpChannel"},"keysequence":"Ctrl+T"},{"actionsetting":{"action":"ShowQuestlog"},"keysequence":"Ctrl+U"},{"actionsetting":{"action":"ShowPrey"},"keysequence":"Ctrl+Y"},{"actionsetting":{"action":"Bugreport"},"keysequence":"Ctrl+Z"},{"actionsetting":{"action":"ShowDefaultChannel"},"keysequence":"Alt+D"},{"actionsetting":{"action":"ToggleSpellListWidget"},"keysequence":"Alt+L"},{"actionsetting":{"action":"ToggleSkillsWidget"},"keysequence":"Alt+S"},{"actionsetting":{"action":"ClearOldestMessage"},"keysequence":"Alt+W"},{"actionsetting":{"action":"ToggleFullscreen"},"keysequence":"Alt+Enter"},{"actionsetting":{"action":"MinimapZoomOut"},"keysequence":"Alt+Home"},{"actionsetting":{"action":"MinimapZoomIn"},"keysequence":"Alt+End"},{"actionsetting":{"action":"MinimapScrollWest"},"keysequence":"Alt+Left"},{"actionsetting":{"action":"MinimapScrollNorth"},"keysequence":"Alt+Up"},{"actionsetting":{"action":"MinimapScrollEast"},"keysequence":"Alt+Right"},{"actionsetting":{"action":"MinimapScrollSouth"},"keysequence":"Alt+Down"},{"actionsetting":{"action":"MinimapFloorUp"},"keysequence":"Alt+PageUp"},{"actionsetting":{"action":"MinimapFloorDown"},"keysequence":"Alt+PageDown"},{"actionsetting":{"action":"MinimapShow"},"keysequence":"Alt+M"},{"actionsetting":{"action":"ToggleFPSLagIndicator"},"keysequence":"Alt+F8"},{"actionsetting":{"action":"QuickLootAreaAtPlayer"},"keysequence":"Alt+Q"},{"actionsetting":{"action":"ToggleManualSortMode"},"keysequence":"Ctrl+S"}],"actionBarOptions":{"mappings":[{"actionButton":1,"actionBar":1,"actionsetting":{"useObject":7876,"useType":"UseOnYourself"}},{"actionButton":2,"actionBar":1,"actionsetting":{"useObject":268,"useType":"UseOnYourself"}},{"actionButton":3,"actionBar":1,"actionsetting":{"chatText":"exura infir","sendAutomatically":true}},{"actionButton":4,"actionBar":1,"actionsetting":{"chatText":"exori infir vis","sendAutomatically":true}},{"actionButton":5,"actionBar":1,"actionsetting":{"chatText":"exevo infir flam hur","sendAutomatically":true}}]}},"Druid":{"chatOff":[{"actionsetting":{"action":"GoWest"},"keysequence":"A"},{"actionsetting":{"action":"GoSouthEast"},"keysequence":"C"},{"actionsetting":{"action":"GoEast"},"keysequence":"D"},{"actionsetting":{"action":"GoNorthEast"},"keysequence":"E"},{"actionsetting":{"action":"GoNorthWest"},"keysequence":"Q"},{"actionsetting":{"action":"GoSouth"},"keysequence":"S"},{"actionsetting":{"action":"GoNorth"},"keysequence":"W"},{"actionsetting":{"action":"GoSouthWest"},"keysequence":"Z"},{"actionsetting":{"action":"StopPlayer"},"keysequence":"Esc"},{"actionsetting":{"action":"NextChannel"},"keysequence":"Tab"},{"actionsetting":{"action":"ChatModeTemporaryOnEnter"},"keysequence":"Enter"},{"keysequence":"Num+Enter","secondary":true,"actionsetting":{"action":"ChatModeTemporaryOnEnter"}},{"actionsetting":{"action":"TriggerActionButton_1.1"},"keysequence":"F1"},{"actionsetting":{"action":"TriggerActionButton_1.2"},"keysequence":"F2"},{"actionsetting":{"action":"TriggerActionButton_1.3"},"keysequence":"F3"},{"actionsetting":{"action":"TriggerActionButton_1.4"},"keysequence":"F4"},{"actionsetting":{"action":"TriggerActionButton_1.5"},"keysequence":"F5"},{"actionsetting":{"action":"TriggerActionButton_1.6"},"keysequence":"F6"},{"actionsetting":{"action":"TriggerActionButton_1.7"},"keysequence":"F7"},{"actionsetting":{"action":"TriggerActionButton_1.8"},"keysequence":"F8"},{"actionsetting":{"action":"TriggerActionButton_1.9"},"keysequence":"F9"},{"actionsetting":{"action":"TriggerActionButton_1.10"},"keysequence":"F10"},{"actionsetting":{"action":"TriggerActionButton_1.11"},"keysequence":"F11"},{"actionsetting":{"action":"TriggerActionButton_1.12"},"keysequence":"F12"},{"actionsetting":{"action":"PreviousChannel"},"keysequence":"Shift+Tab"},{"actionsetting":{"action":"AttackNextTarget"},"keysequence":"Space"},{"actionsetting":{"action":"AttackPreviousTarget"},"keysequence":"Ctrl+Space"},{"actionsetting":{"action":"ToggleBattlelist"},"keysequence":"Ctrl+B"},{"actionsetting":{"action":"Copy"},"keysequence":"Ctrl+C"},{"actionsetting":{"action":"CloseCurrentChannel"},"keysequence":"Ctrl+E"},{"actionsetting":{"action":"ToggleFullscreen"},"keysequence":"Ctrl+F"},{"actionsetting":{"action":"ChangeCharacter"},"keysequence":"Ctrl+G"},{"actionsetting":{"action":"HelperStatus"},"keysequence":"Pause"},{"actionsetting":{"action":"HelperTarget"},"keysequence":"Shift+Pause"},{"actionsetting":{"action":"HelperShooter"},"keysequence":"Alt+Pause"},{"actionsetting":{"action":"ShowHelper"},"keysequence":"Ctrl+H"},{"actionsetting":{"action":"ShowIgnorelist"},"keysequence":"Ctrl+I"},{"actionsetting":{"action":"NextHotkeyPreset"},"keysequence":"Ctrl+J"},{"actionsetting":{"action":"ShowOptionsHotkeys"},"keysequence":"Ctrl+K"},{"actionsetting":{"action":"Logout"},"keysequence":"Ctrl+L"},{"actionsetting":{"action":"ToggleShowServermessagesInCurrentChannel"},"keysequence":"Ctrl+M"},{"actionsetting":{"action":"ToggleCreatureHudsVisible"},"keysequence":"Ctrl+N"},{"actionsetting":{"action":"OpenChannelList"},"keysequence":"Ctrl+O"},{"actionsetting":{"action":"ToggleVipWidget"},"keysequence":"Ctrl+P"},{"actionsetting":{"action":"Logout"},"keysequence":"Ctrl+Q"},{"actionsetting":{"action":"ToggleMounted"},"keysequence":"Ctrl+R"},{"actionsetting":{"action":"OpenHelpChannel"},"keysequence":"Ctrl+T"},{"actionsetting":{"action":"ShowQuestlog"},"keysequence":"Ctrl+U"},{"actionsetting":{"action":"ShowPrey"},"keysequence":"Ctrl+Y"},{"actionsetting":{"action":"Bugreport"},"keysequence":"Ctrl+Z"},{"actionsetting":{"action":"ShowDefaultChannel"},"keysequence":"Alt+D"},{"actionsetting":{"action":"ToggleSpellListWidget"},"keysequence":"Alt+L"},{"actionsetting":{"action":"ToggleSkillsWidget"},"keysequence":"Alt+S"},{"actionsetting":{"action":"ClearOldestMessage"},"keysequence":"Alt+W"},{"actionsetting":{"action":"ToggleFullscreen"},"keysequence":"Alt+Enter"},{"actionsetting":{"action":"MinimapZoomOut"},"keysequence":"Alt+Home"},{"actionsetting":{"action":"MinimapZoomIn"},"keysequence":"Alt+End"},{"actionsetting":{"action":"MinimapScrollWest"},"keysequence":"Alt+Left"},{"actionsetting":{"action":"MinimapScrollNorth"},"keysequence":"Alt+Up"},{"actionsetting":{"action":"MinimapScrollEast"},"keysequence":"Alt+Right"},{"actionsetting":{"action":"MinimapScrollSouth"},"keysequence":"Alt+Down"},{"actionsetting":{"action":"MinimapFloorUp"},"keysequence":"Alt+PageUp"},{"actionsetting":{"action":"MinimapFloorDown"},"keysequence":"Alt+PageDown"},{"actionsetting":{"action":"MinimapShow"},"keysequence":"Alt+M"},{"actionsetting":{"action":"ToggleFPSLagIndicator"},"keysequence":"Alt+F8"},{"actionsetting":{"action":"QuickLootAreaAtPlayer"},"keysequence":"Alt+Q"},{"actionsetting":{"action":"ToggleManualSortMode"},"keysequence":"Ctrl+S"}],"chatOn":[{"actionsetting":{"action":"StopPlayer"},"keysequence":"Esc"},{"actionsetting":{"action":"NextChannel"},"keysequence":"Tab"},{"actionsetting":{"action":"PressEnterInChat"},"keysequence":"Enter"},{"keysequence":"Num+Enter","secondary":true,"actionsetting":{"action":"PressEnterInChat"}},{"actionsetting":{"action":"TriggerActionButton_1.1"},"keysequence":"F1"},{"actionsetting":{"action":"TriggerActionButton_1.2"},"keysequence":"F2"},{"actionsetting":{"action":"TriggerActionButton_1.3"},"keysequence":"F3"},{"actionsetting":{"action":"TriggerActionButton_1.4"},"keysequence":"F4"},{"actionsetting":{"action":"TriggerActionButton_1.5"},"keysequence":"F5"},{"actionsetting":{"action":"TriggerActionButton_1.6"},"keysequence":"F6"},{"actionsetting":{"action":"TriggerActionButton_1.7"},"keysequence":"F7"},{"actionsetting":{"action":"TriggerActionButton_1.8"},"keysequence":"F8"},{"actionsetting":{"action":"TriggerActionButton_1.9"},"keysequence":"F9"},{"actionsetting":{"action":"TriggerActionButton_1.10"},"keysequence":"F10"},{"actionsetting":{"action":"TriggerActionButton_1.11"},"keysequence":"F11"},{"actionsetting":{"action":"TriggerActionButton_1.12"},"keysequence":"F12"},{"actionsetting":{"action":"PreviousChannel"},"keysequence":"Shift+Tab"},{"actionsetting":{"action":"SelectAll"},"keysequence":"Ctrl+A"},{"actionsetting":{"action":"ToggleBattlelist"},"keysequence":"Ctrl+B"},{"actionsetting":{"action":"Copy"},"keysequence":"Ctrl+C"},{"actionsetting":{"action":"CloseCurrentChannel"},"keysequence":"Ctrl+E"},{"actionsetting":{"action":"ToggleFullscreen"},"keysequence":"Ctrl+F"},{"actionsetting":{"action":"ChangeCharacter"},"keysequence":"Ctrl+G"},{"actionsetting":{"action":"HelperStatus"},"keysequence":"Pause"},{"actionsetting":{"action":"HelperTarget"},"keysequence":"Shift+Pause"},{"actionsetting":{"action":"HelperShooter"},"keysequence":"Alt+Pause"},{"actionsetting":{"action":"ShowHelper"},"keysequence":"Ctrl+H"},{"actionsetting":{"action":"ShowIgnorelist"},"keysequence":"Ctrl+I"},{"actionsetting":{"action":"NextHotkeyPreset"},"keysequence":"Ctrl+J"},{"actionsetting":{"action":"ShowOptionsHotkeys"},"keysequence":"Ctrl+K"},{"actionsetting":{"action":"Logout"},"keysequence":"Ctrl+L"},{"actionsetting":{"action":"ToggleShowServermessagesInCurrentChannel"},"keysequence":"Ctrl+M"},{"actionsetting":{"action":"ToggleCreatureHudsVisible"},"keysequence":"Ctrl+N"},{"actionsetting":{"action":"OpenChannelList"},"keysequence":"Ctrl+O"},{"actionsetting":{"action":"ToggleVipWidget"},"keysequence":"Ctrl+P"},{"actionsetting":{"action":"Logout"},"keysequence":"Ctrl+Q"},{"actionsetting":{"action":"ToggleMounted"},"keysequence":"Ctrl+R"},{"actionsetting":{"action":"OpenHelpChannel"},"keysequence":"Ctrl+T"},{"actionsetting":{"action":"ShowQuestlog"},"keysequence":"Ctrl+U"},{"actionsetting":{"action":"ShowPrey"},"keysequence":"Ctrl+Y"},{"actionsetting":{"action":"Bugreport"},"keysequence":"Ctrl+Z"},{"actionsetting":{"action":"ShowDefaultChannel"},"keysequence":"Alt+D"},{"actionsetting":{"action":"ToggleSpellListWidget"},"keysequence":"Alt+L"},{"actionsetting":{"action":"ToggleSkillsWidget"},"keysequence":"Alt+S"},{"actionsetting":{"action":"ClearOldestMessage"},"keysequence":"Alt+W"},{"actionsetting":{"action":"ToggleFullscreen"},"keysequence":"Alt+Enter"},{"actionsetting":{"action":"MinimapZoomOut"},"keysequence":"Alt+Home"},{"actionsetting":{"action":"MinimapZoomIn"},"keysequence":"Alt+End"},{"actionsetting":{"action":"MinimapScrollWest"},"keysequence":"Alt+Left"},{"actionsetting":{"action":"MinimapScrollNorth"},"keysequence":"Alt+Up"},{"actionsetting":{"action":"MinimapScrollEast"},"keysequence":"Alt+Right"},{"actionsetting":{"action":"MinimapScrollSouth"},"keysequence":"Alt+Down"},{"actionsetting":{"action":"MinimapFloorUp"},"keysequence":"Alt+PageUp"},{"actionsetting":{"action":"MinimapFloorDown"},"keysequence":"Alt+PageDown"},{"actionsetting":{"action":"MinimapShow"},"keysequence":"Alt+M"},{"actionsetting":{"action":"ToggleFPSLagIndicator"},"keysequence":"Alt+F8"},{"actionsetting":{"action":"QuickLootAreaAtPlayer"},"keysequence":"Alt+Q"},{"actionsetting":{"action":"ToggleManualSortMode"},"keysequence":"Ctrl+S"}],"actionBarOptions":{"mappings":[{"actionButton":1,"actionBar":1,"actionsetting":{"useObject":7876,"useType":"UseOnYourself"}},{"actionButton":2,"actionBar":1,"actionsetting":{"useObject":268,"useType":"UseOnYourself"}},{"actionButton":3,"actionBar":1,"actionsetting":{"chatText":"exura infir","sendAutomatically":true}},{"actionButton":4,"actionBar":1,"actionsetting":{"chatText":"exori infir tera","sendAutomatically":true}},{"actionButton":5,"actionBar":1,"actionsetting":{"chatText":"exevo infir frigo hur","sendAutomatically":true}}]}},"Monk":{"chatOff":[{"actionsetting":{"action":"AttackNextTarget"},"keysequence":"Space"},{"actionsetting":{"action":"GoWest"},"keysequence":"A"},{"actionsetting":{"action":"GoSouthEast"},"keysequence":"C"},{"actionsetting":{"action":"GoEast"},"keysequence":"D"},{"actionsetting":{"action":"GoNorthEast"},"keysequence":"E"},{"actionsetting":{"action":"ShowCyclopediaMap"},"keysequence":"M"},{"actionsetting":{"action":"GoNorthWest"},"keysequence":"Q"},{"actionsetting":{"action":"GoSouth"},"keysequence":"S"},{"actionsetting":{"action":"GoNorth"},"keysequence":"W"},{"actionsetting":{"action":"GoSouthWest"},"keysequence":"Z"},{"actionsetting":{"action":"StopPlayer"},"keysequence":"Esc"},{"actionsetting":{"action":"NextChannel"},"keysequence":"Tab"},{"actionsetting":{"action":"ChatModeTemporaryOnEnter"},"keysequence":"Enter"},{"actionsetting":{"action":"TriggerActionButton_1.1"},"keysequence":"F1"},{"actionsetting":{"action":"TriggerActionButton_1.2"},"keysequence":"F2"},{"actionsetting":{"action":"TriggerActionButton_1.3"},"keysequence":"F3"},{"actionsetting":{"action":"TriggerActionButton_1.4"},"keysequence":"F4"},{"actionsetting":{"action":"TriggerActionButton_1.5"},"keysequence":"F5"},{"actionsetting":{"action":"TriggerActionButton_1.6"},"keysequence":"F6"},{"actionsetting":{"action":"TriggerActionButton_1.7"},"keysequence":"F7"},{"actionsetting":{"action":"TriggerActionButton_1.8"},"keysequence":"F8"},{"actionsetting":{"action":"TriggerActionButton_1.9"},"keysequence":"F9"},{"actionsetting":{"action":"TriggerActionButton_1.10"},"keysequence":"F10"},{"actionsetting":{"action":"TriggerActionButton_1.11"},"keysequence":"F11"},{"actionsetting":{"action":"TriggerActionButton_1.12"},"keysequence":"F12"},{"actionsetting":{"action":"PreviousChannel"},"keysequence":"Shift+Backtab"},{"actionsetting":{"action":"AttackPreviousTarget"},"keysequence":"Ctrl+Space"},{"actionsetting":{"action":"ToggleBattlelist"},"keysequence":"Ctrl+B"},{"actionsetting":{"action":"Copy"},"keysequence":"Ctrl+C"},{"actionsetting":{"action":"CloseCurrentChannel"},"keysequence":"Ctrl+E"},{"actionsetting":{"action":"ToggleFullscreen"},"keysequence":"Ctrl+F"},{"actionsetting":{"action":"ChangeCharacter"},"keysequence":"Ctrl+G"},{"actionsetting":{"action":"ShowLenshelp"},"keysequence":"Ctrl+H"},{"actionsetting":{"action":"ShowIgnorelist"},"keysequence":"Ctrl+I"},{"actionsetting":{"action":"NextHotkeyPreset"},"keysequence":"Ctrl+J"},{"actionsetting":{"action":"ShowOptionsHotkeys"},"keysequence":"Ctrl+K"},{"actionsetting":{"action":"Logout"},"keysequence":"Ctrl+L"},{"actionsetting":{"action":"ToggleShowServermessagesInCurrentChannel"},"keysequence":"Ctrl+M"},{"actionsetting":{"action":"ToggleCreatureHudsVisible"},"keysequence":"Ctrl+N"},{"actionsetting":{"action":"OpenChannelList"},"keysequence":"Ctrl+O"},{"actionsetting":{"action":"ToggleVipWidget"},"keysequence":"Ctrl+P"},{"actionsetting":{"action":"Logout"},"keysequence":"Ctrl+Q"},{"actionsetting":{"action":"ToggleMounted"},"keysequence":"Ctrl+R"},{"actionsetting":{"action":"ToggleManualSortMode"},"keysequence":"Ctrl+S"},{"actionsetting":{"action":"OpenHelpChannel"},"keysequence":"Ctrl+T"},{"actionsetting":{"action":"ShowQuestlog"},"keysequence":"Ctrl+U"},{"actionsetting":{"action":"ShowPrey"},"keysequence":"Ctrl+Y"},{"actionsetting":{"action":"Bugreport"},"keysequence":"Ctrl+Z"},{"actionsetting":{"action":"ShowDefaultChannel"},"keysequence":"Alt+D"},{"actionsetting":{"action":"ToggleSpellListWidget"},"keysequence":"Alt+L"},{"actionsetting":{"action":"QuickLootAreaAtPlayer"},"keysequence":"Alt+Q"},{"actionsetting":{"action":"ToggleSkillsWidget"},"keysequence":"Alt+S"},{"actionsetting":{"action":"ClearOldestMessage"},"keysequence":"Alt+W"},{"actionsetting":{"action":"ToggleFullscreen"},"keysequence":"Alt+Enter"},{"actionsetting":{"action":"MinimapZoomOut"},"keysequence":"Alt+Home"},{"actionsetting":{"action":"MinimapZoomIn"},"keysequence":"Alt+End"},{"actionsetting":{"action":"MinimapScrollWest"},"keysequence":"Alt+Left"},{"actionsetting":{"action":"MinimapScrollNorth"},"keysequence":"Alt+Up"},{"actionsetting":{"action":"MinimapScrollEast"},"keysequence":"Alt+Right"},{"actionsetting":{"action":"MinimapScrollSouth"},"keysequence":"Alt+Down"},{"actionsetting":{"action":"MinimapFloorUp"},"keysequence":"Alt+PageUp"},{"actionsetting":{"action":"MinimapFloorDown"},"keysequence":"Alt+PageDown"},{"actionsetting":{"action":"ToggleFPSLagIndicator"},"keysequence":"Alt+F8"},{"actionsetting":{"action":"ChatModeTemporaryOnEnter"},"keysequence":"Num+Enter"},{"actionsetting":{"action":"MinimapShow"},"keysequence":"Alt+M"}],"chatOn":[{"actionsetting":{"action":"TriggerActionButton_1.1"},"keysequence":"F1"},{"actionsetting":{"action":"TriggerActionButton_1.2"},"keysequence":"F2"},{"actionsetting":{"action":"TriggerActionButton_1.3"},"keysequence":"F3"},{"actionsetting":{"action":"TriggerActionButton_1.4"},"keysequence":"F4"},{"actionsetting":{"action":"TriggerActionButton_1.5"},"keysequence":"F5"},{"actionsetting":{"action":"TriggerActionButton_1.6"},"keysequence":"F6"},{"actionsetting":{"action":"TriggerActionButton_1.7"},"keysequence":"F7"},{"actionsetting":{"action":"TriggerActionButton_1.8"},"keysequence":"F8"},{"actionsetting":{"action":"TriggerActionButton_1.9"},"keysequence":"F9"},{"actionsetting":{"action":"TriggerActionButton_1.10"},"keysequence":"F10"},{"actionsetting":{"action":"TriggerActionButton_1.11"},"keysequence":"F11"},{"actionsetting":{"action":"TriggerActionButton_1.12"},"keysequence":"F12"},{"actionsetting":{"action":"CloseCurrentChannel"},"keysequence":"Ctrl+E"},{"actionsetting":{"action":"NextChannel"},"keysequence":"Tab"},{"actionsetting":{"action":"OpenChannelList"},"keysequence":"Ctrl+O"},{"actionsetting":{"action":"OpenHelpChannel"},"keysequence":"Ctrl+T"},{"actionsetting":{"action":"PreviousChannel"},"keysequence":"Shift+Backtab"},{"actionsetting":{"action":"ShowDefaultChannel"},"keysequence":"Alt+D"},{"actionsetting":{"action":"Copy"},"keysequence":"Ctrl+C"},{"actionsetting":{"action":"SelectAll"},"keysequence":"Ctrl+A"},{"actionsetting":{"action":"PressEnterInChat"},"keysequence":"Enter"},{"keysequence":"Num+Enter","secondary":true,"actionsetting":{"action":"PressEnterInChat"}},{"actionsetting":{"action":"ToggleShowServermessagesInCurrentChannel"},"keysequence":"Ctrl+M"},{"actionsetting":{"action":"ToggleManualSortMode"},"keysequence":"Ctrl+S"},{"actionsetting":{"action":"Bugreport"},"keysequence":"Ctrl+Z"},{"actionsetting":{"action":"ShowIgnorelist"},"keysequence":"Ctrl+I"},{"actionsetting":{"action":"ShowOptionsHotkeys"},"keysequence":"Ctrl+K"},{"actionsetting":{"action":"ShowPrey"},"keysequence":"Ctrl+Y"},{"actionsetting":{"action":"ShowQuestlog"},"keysequence":"Ctrl+U"},{"actionsetting":{"action":"QuickLootAreaAtPlayer"},"keysequence":"Alt+Q"},{"actionsetting":{"action":"MinimapFloorDown"},"keysequence":"Alt+PageDown"},{"actionsetting":{"action":"MinimapFloorUp"},"keysequence":"Alt+PageUp"},{"actionsetting":{"action":"MinimapScrollEast"},"keysequence":"Alt+Right"},{"actionsetting":{"action":"MinimapScrollNorth"},"keysequence":"Alt+Up"},{"actionsetting":{"action":"MinimapScrollSouth"},"keysequence":"Alt+Down"},{"actionsetting":{"action":"MinimapScrollWest"},"keysequence":"Alt+Left"},{"actionsetting":{"action":"MinimapZoomIn"},"keysequence":"Alt+End"},{"actionsetting":{"action":"MinimapZoomOut"},"keysequence":"Alt+Home"},{"actionsetting":{"action":"ShowLenshelp"},"keysequence":"Ctrl+H"},{"actionsetting":{"action":"ChangeCharacter"},"keysequence":"Ctrl+G"},{"actionsetting":{"action":"ClearOldestMessage"},"keysequence":"Alt+W"},{"actionsetting":{"action":"Logout"},"keysequence":"Ctrl+L"},{"keysequence":"Ctrl+Q","secondary":true,"actionsetting":{"action":"Logout"}},{"actionsetting":{"action":"NextHotkeyPreset"},"keysequence":"Ctrl+J"},{"actionsetting":{"action":"ToggleMounted"},"keysequence":"Ctrl+R"},{"actionsetting":{"action":"StopPlayer"},"keysequence":"Esc"},{"actionsetting":{"action":"ToggleCreatureHudsVisible"},"keysequence":"Ctrl+N"},{"actionsetting":{"action":"ToggleFPSLagIndicator"},"keysequence":"Alt+F8"},{"actionsetting":{"action":"ToggleFullscreen"},"keysequence":"Ctrl+F"},{"keysequence":"Alt+Enter","secondary":true,"actionsetting":{"action":"ToggleFullscreen"}},{"actionsetting":{"action":"ToggleVipWidget"},"keysequence":"Ctrl+P"},{"actionsetting":{"action":"ToggleBattlelist"},"keysequence":"Ctrl+B"},{"actionsetting":{"action":"ToggleSkillsWidget"},"keysequence":"Alt+S"},{"actionsetting":{"action":"ToggleSpellListWidget"},"keysequence":"Alt+L"},{"actionsetting":{"action":"MinimapShow"},"keysequence":"Alt+M"}],"actionBarOptions":{"mappings":[{"actionButton":1,"actionBar":1,"actionsetting":{"useObject":7876,"useType":"UseOnYourself"}},{"actionButton":2,"actionBar":1,"actionsetting":{"useObject":268,"useType":"UseOnYourself"}},{"actionButton":3,"actionBar":1,"actionsetting":{"chatText":"exura infir","sendAutomatically":true}},{"actionButton":4,"actionBar":1,"actionsetting":{"chatText":"exori infir pug","sendAutomatically":true}},{"actionButton":5,"actionBar":1,"actionsetting":{"chatText":"exori infir nia","sendAutomatically":true}}]}}},"autoSwitchHotkeyPreset":false,"currentHotkeySetName":"Knight"},"controlButtonsOptions":{"enabledButtons":["skillsWidget","battleListWidget","partyWidget","vipWidget","spellListWidget","skillWheelDialog","questDialog","questTrackerWidget","unjustifiedPoinsWidget","preyDialog","preyWidget","rewardWallDialog","analyticsSelectorWidget","compendiumDialog","cyclopediaDialog","bosstiaryDialog","bossslotsDialog","bosstiaryTrackerWidget","bestiaryTrackerWidget","imbuementTrackerWidget","exaltationForgeDialog","friendsDialog","lenshelpFunction","highscoresDialog","helperDialog","weaponProficiency","manageShortcuts"],"disabledButtons":[]},"survey":{"status":2,"id":0},"DummyProfile":{"chatOff":[{"actionsetting":{"action":"ToggleBattlelist"},"keysequence":"Ctrl+B"},{"actionsetting":{"action":"Copy"},"keysequence":"Ctrl+C"},{"actionsetting":{"action":"ShowDefaultChannel"},"keysequence":"Alt+D"},{"actionsetting":{"action":"CloseCurrentChannel"},"keysequence":"Ctrl+E"},{"actionsetting":{"action":"ToggleFullscreen"},"keysequence":"Ctrl+F"},{"actionsetting":{"action":"ChangeCharacter"},"keysequence":"Ctrl+G"},{"actionsetting":{"action":"HelperStatus"},"keysequence":"Pause"},{"actionsetting":{"action":"HelperTarget"},"keysequence":"Shift+Pause"},{"actionsetting":{"action":"HelperShooter"},"keysequence":"Alt+Pause"},{"actionsetting":{"action":"ShowHelper"},"keysequence":"Ctrl+H"},{"actionsetting":{"action":"ShowIgnorelist"},"keysequence":"Ctrl+I"},{"actionsetting":{"action":"NextHotkeyPreset"},"keysequence":"Ctrl+J"},{"actionsetting":{"action":"ShowOptionsHotkeys"},"keysequence":"Ctrl+K"},{"actionsetting":{"action":"Logout"},"keysequence":"Ctrl+L"},{"actionsetting":{"action":"ToggleShowServermessagesInCurrentChannel"},"keysequence":"Ctrl+M"},{"actionsetting":{"action":"ToggleCreatureHudsVisible"},"keysequence":"Ctrl+N"},{"actionsetting":{"action":"OpenChannelList"},"keysequence":"Ctrl+O"},{"actionsetting":{"action":"ToggleVipWidget"},"keysequence":"Ctrl+P"},{"actionsetting":{"action":"Logout"},"keysequence":"Ctrl+Q"},{"actionsetting":{"action":"ToggleMounted"},"keysequence":"Ctrl+R"},{"actionsetting":{"action":"ToggleSkillsWidget"},"keysequence":"Alt+S"},{"actionsetting":{"action":"ToggleSpellListWidget"},"keysequence":"Alt+L"},{"actionsetting":{"action":"OpenHelpChannel"},"keysequence":"Ctrl+T"},{"actionsetting":{"action":"ShowQuestlog"},"keysequence":"Ctrl+U"},{"actionsetting":{"action":"ClearOldestMessage"},"keysequence":"Alt+W"},{"actionsetting":{"action":"ShowPrey"},"keysequence":"Ctrl+Y"},{"actionsetting":{"action":"Bugreport"},"keysequence":"Ctrl+Z"},{"actionsetting":{"action":"StopPlayer"},"keysequence":"Esc"},{"actionsetting":{"action":"NextChannel"},"keysequence":"Tab"},{"actionsetting":{"action":"PreviousChannel"},"keysequence":"Shift+Tab"},{"actionsetting":{"action":"AttackNextTarget"},"keysequence":"Space"},{"actionsetting":{"action":"AttackPreviousTarget"},"keysequence":"Ctrl+Space"},{"actionsetting":{"action":"MinimapFloorUp"},"keysequence":"Alt+PageUp"},{"actionsetting":{"action":"MinimapFloorDown"},"keysequence":"Alt+PageDown"},{"actionsetting":{"action":"MinimapZoomOut"},"keysequence":"Alt+Home"},{"actionsetting":{"action":"MinimapZoomIn"},"keysequence":"Alt+End"},{"actionsetting":{"action":"MinimapScrollWest"},"keysequence":"Alt+Left"},{"actionsetting":{"action":"MinimapScrollEast"},"keysequence":"Alt+Right"},{"actionsetting":{"action":"MinimapScrollNorth"},"keysequence":"Alt+Up"},{"actionsetting":{"action":"MinimapScrollSouth"},"keysequence":"Alt+Down"},{"actionsetting":{"action":"MinimapShow"},"keysequence":"Alt+M"},{"actionsetting":{"action":"ToggleFPSLagIndicator"},"keysequence":"Alt+F8"},{"actionsetting":{"action":"ToggleFullscreen"},"keysequence":"Alt+Enter"},{"actionsetting":{"action":"ChatModeTemporaryOnEnter"},"keysequence":"Enter"},{"keysequence":"Num+Enter","secondary":true,"actionsetting":{"action":"ChatModeTemporaryOnEnter"}},{"actionsetting":{"action":"GoNorth"},"keysequence":"W"},{"actionsetting":{"action":"GoWest"},"keysequence":"A"},{"actionsetting":{"action":"GoSouth"},"keysequence":"S"},{"actionsetting":{"action":"GoEast"},"keysequence":"D"},{"actionsetting":{"action":"GoNorthWest"},"keysequence":"Q"},{"actionsetting":{"action":"GoSouthWest"},"keysequence":"Z"},{"actionsetting":{"action":"GoNorthEast"},"keysequence":"E"},{"actionsetting":{"action":"GoSouthEast"},"keysequence":"C"},{"actionsetting":{"action":"TriggerActionButton_1.1"},"keysequence":"F1"},{"actionsetting":{"action":"TriggerActionButton_1.2"},"keysequence":"F2"},{"actionsetting":{"action":"TriggerActionButton_1.3"},"keysequence":"F3"},{"actionsetting":{"action":"TriggerActionButton_1.4"},"keysequence":"F4"},{"actionsetting":{"action":"TriggerActionButton_1.5"},"keysequence":"F5"},{"actionsetting":{"action":"TriggerActionButton_1.6"},"keysequence":"F6"},{"actionsetting":{"action":"TriggerActionButton_1.7"},"keysequence":"F7"},{"actionsetting":{"action":"TriggerActionButton_1.8"},"keysequence":"F8"},{"actionsetting":{"action":"TriggerActionButton_1.9"},"keysequence":"F9"},{"actionsetting":{"action":"TriggerActionButton_1.10"},"keysequence":"F10"},{"actionsetting":{"action":"TriggerActionButton_1.11"},"keysequence":"F11"},{"actionsetting":{"action":"TriggerActionButton_1.12"},"keysequence":"F12"}],"chatOn":[{"actionsetting":{"action":"TriggerActionButton_1.1"},"keysequence":"F1"},{"actionsetting":{"action":"TriggerActionButton_1.2"},"keysequence":"F2"},{"actionsetting":{"action":"TriggerActionButton_1.3"},"keysequence":"F3"},{"actionsetting":{"action":"TriggerActionButton_1.4"},"keysequence":"F4"},{"actionsetting":{"action":"TriggerActionButton_1.5"},"keysequence":"F5"},{"actionsetting":{"action":"TriggerActionButton_1.6"},"keysequence":"F6"},{"actionsetting":{"action":"TriggerActionButton_1.7"},"keysequence":"F7"},{"actionsetting":{"action":"TriggerActionButton_1.8"},"keysequence":"F8"},{"actionsetting":{"action":"TriggerActionButton_1.9"},"keysequence":"F9"},{"actionsetting":{"action":"TriggerActionButton_1.10"},"keysequence":"F10"},{"actionsetting":{"action":"TriggerActionButton_1.11"},"keysequence":"F11"},{"actionsetting":{"action":"TriggerActionButton_1.12"},"keysequence":"F12"},{"actionsetting":{"action":"CloseCurrentChannel"},"keysequence":"Ctrl+E"},{"actionsetting":{"action":"NextChannel"},"keysequence":"Tab"},{"actionsetting":{"action":"OpenChannelList"},"keysequence":"Ctrl+O"},{"actionsetting":{"action":"OpenHelpChannel"},"keysequence":"Ctrl+T"},{"actionsetting":{"action":"PreviousChannel"},"keysequence":"Shift+Tab"},{"actionsetting":{"action":"ShowDefaultChannel"},"keysequence":"Alt+D"},{"actionsetting":{"action":"Copy"},"keysequence":"Ctrl+C"},{"actionsetting":{"action":"SelectAll"},"keysequence":"Ctrl+A"},{"actionsetting":{"action":"PressEnterInChat"},"keysequence":"Enter"},{"keysequence":"Num+Enter","secondary":true,"actionsetting":{"action":"PressEnterInChat"}},{"actionsetting":{"action":"ToggleShowServermessagesInCurrentChannel"},"keysequence":"Ctrl+M"},{"actionsetting":{"action":"Bugreport"},"keysequence":"Ctrl+Z"},{"actionsetting":{"action":"ShowIgnorelist"},"keysequence":"Ctrl+I"},{"actionsetting":{"action":"ShowOptionsHotkeys"},"keysequence":"Ctrl+K"},{"actionsetting":{"action":"ShowPrey"},"keysequence":"Ctrl+Y"},{"actionsetting":{"action":"ShowQuestlog"},"keysequence":"Ctrl+U"},{"actionsetting":{"action":"MinimapFloorDown"},"keysequence":"Alt+PageDown"},{"actionsetting":{"action":"MinimapFloorUp"},"keysequence":"Alt+PageUp"},{"actionsetting":{"action":"MinimapScrollEast"},"keysequence":"Alt+Right"},{"actionsetting":{"action":"MinimapScrollNorth"},"keysequence":"Alt+Up"},{"actionsetting":{"action":"MinimapScrollSouth"},"keysequence":"Alt+Down"},{"actionsetting":{"action":"MinimapScrollWest"},"keysequence":"Alt+Left"},{"actionsetting":{"action":"MinimapZoomIn"},"keysequence":"Alt+End"},{"actionsetting":{"action":"MinimapZoomOut"},"keysequence":"Alt+Home"},{"actionsetting":{"action":"HelperStatus"},"keysequence":"Pause"},{"actionsetting":{"action":"HelperTarget"},"keysequence":"Shift+Pause"},{"actionsetting":{"action":"HelperShooter"},"keysequence":"Alt+Pause"},{"actionsetting":{"action":"ShowHelper"},"keysequence":"Ctrl+H"},{"actionsetting":{"action":"ChangeCharacter"},"keysequence":"Ctrl+G"},{"actionsetting":{"action":"ClearOldestMessage"},"keysequence":"Alt+W"},{"actionsetting":{"action":"Logout"},"keysequence":"Ctrl+L"},{"actionsetting":{"action":"Logout"},"keysequence":"Ctrl+Q"},{"actionsetting":{"action":"NextHotkeyPreset"},"keysequence":"Ctrl+J"},{"actionsetting":{"action":"ToggleMounted"},"keysequence":"Ctrl+R"},{"actionsetting":{"action":"StopPlayer"},"keysequence":"Esc"},{"actionsetting":{"action":"ToggleCreatureHudsVisible"},"keysequence":"Ctrl+N"},{"actionsetting":{"action":"MinimapShow"},"keysequence":"Alt+M"},{"actionsetting":{"action":"ToggleFPSLagIndicator"},"keysequence":"Alt+F8"},{"actionsetting":{"action":"ToggleFullscreen"},"keysequence":"Ctrl+F"},{"actionsetting":{"action":"ToggleFullscreen"},"keysequence":"Alt+Enter"},{"actionsetting":{"action":"ToggleVipWidget"},"keysequence":"Ctrl+P"},{"actionsetting":{"action":"ToggleBattlelist"},"keysequence":"Ctrl+B"},{"actionsetting":{"action":"ToggleSkillsWidget"},"keysequence":"Alt+S"},{"actionsetting":{"action":"ToggleSpellListWidget"},"keysequence":"Alt+L"}],"actionBarOptions":{"mappings":[]}},"whiteBlacklistOptions":{"whitelistedNames":[],"blacklistedNames":[]}}