{"potions":[{"priority":0,"percent":50,"id":0},{"priority":0,"percent":50,"id":0},{"priority":0,"percent":50,"id":0}],"training":[{"id":3,"percent":100,"enabled":false}],"friendhealing":[{"enabled":false,"percent":0,"name":""},{"enabled":false,"percent":0,"name":""}],"autoReconnect":false,"shooterProfiles":{"Default":{"runes":[{"id":3161,"priority":1,"forceCast":false,"creatures":2},{"id":0,"priority":1,"forceCast":false,"creatures":1}],"spells":[{"creatures":1,"priority":1,"forceCast":false,"id":0,"percent":80,"selfCast":false},{"creatures":1,"priority":1,"forceCast":false,"id":0,"percent":80,"selfCast":false},{"creatures":1,"priority":1,"forceCast":false,"id":0,"percent":80,"selfCast":false},{"creatures":1,"priority":1,"forceCast":false,"id":0,"percent":80,"selfCast":false},{"creatures":1,"priority":1,"forceCast":false,"id":0,"percent":80,"selfCast":false}],"autoTargetMode":1}},"selectedShooterProfile":"Default","terms":true,"autoEatFood":false,"autoChangeGold":true,"magicShooterEnabled":false,"magicShooterOnHold":false,"autoTargetEnabled":false,"haste":[{"id":0,"safecast":false,"enabled":false}],"spells":[{"percent":99,"id":2},{"percent":80,"id":0},{"percent":80,"id":0}],"autoTargetMode":1,"currentLockedTargetId":0,"gransiohealing":[{"enabled":false,"percent":0,"name":""},{"enabled":false,"percent":0,"name":""}]}