{"horizontalRightOptions":{"contentHeight":0},"vipWidgetOptions":{"showGrouped":false,"vipSortOrder":[],"contentMaximized":0,"contentHeight":0,"hideOfflineVips":false},"battleListsOptions":[],"supplyAnalyserWidgetOptions":[],"bossTrackerWidgetOptions":{"sortOrder":"ascending","contentHeight":150,"contentMaximized":true,"sortKey":"name"},"sidebarPanelsOptions":[],"bosstiaryTrackerWidgetOptions":[],"containersOptions":[],"damageInputAnalyserWidgetOptions":[],"deoptSearchWidgetOptions":[],"spellListWidgetOptions":{"showPaladinSpells":true,"showPremiumOnlySpells":true,"showSorcererSpells":true,"showMonkSpells":true,"showSupportSpellGroup":true,"showUnkownSpells":true,"showAttackSpellGroup":true,"showDruidSpells":true,"showFreeSpells":true,"showHealingSpellGroup":true,"showKnightSpells":true,"showOnlyCurrentLevel":false,"showOnlyCurrentVocation":false},"huntingSessionAnalyserWidgetOptions":[],"imbuementTrackerWidgetOptions":{"contentHeight":0,"contentMaximized":true,"showAlmostGone":true,"showUsed":true,"showAlmostNew":true,"showEmptySlots":true},"analyticsSelectorOptions":[],"sidebarWidgetsMangerOptions":{"openWidgetsOrderPerSidebar":[[],[{"instance":2,"locked":true,"height":106,"type":"container","minimized":false},{"instance":4,"locked":true,"height":154,"type":"container","minimized":false},{"instance":1,"locked":true,"height":101,"type":"container","minimized":false},{"instance":6,"locked":true,"height":163,"type":"container","minimized":false},{"instance":0,"locked":true,"height":208,"type":"container","minimized":false}],[{"type":"miniMap","height":200},{"type":"healthInfo","height":32},{"height":167,"type":"inventoryWindow","minimized":false},{"type":"mainButtons","height":187},{"instance":5,"locked":true,"height":93,"type":"container","minimized":false}],[{"height":690,"type":"skills","minimized":false}],[{"height":302,"type":"huntingSessionAnalyser","minimized":false},{"height":231,"type":"wasteAnalyser","minimized":false}]],"openWidgetsHorizontalRight":[],"openWidgetsHorizontalLeft":[],"leftSidebarCount":2},"sidebarPanelsMangerOptions":[],"skillsWidgetOptions":{"miscStatsVisible":true,"contentHeight":0,"invisibleProgressBars":[],"offenceStatsVisible":true,"defenceStatsVisible":true,"contentMaximized":true},"impactAnalyserWidgetOptions":[],"lootAnalyserWidgetOptions":[],"lootTrackerWidgetOptions":[],"minimapOptions":{"index":1,"contentHeight":200},"partyListsOptions":{"showFilters":true,"contentHeight":117,"contentMaximized":true,"name":"Party List","isPrimary":false,"battleListSortOrder":["byAgeAscending","byAgeAscending"],"isPartyView":true,"battleListFilters":[]},"channelsOpen":[{"channel":0,"name":"Local Chat"},{"channel":0,"name":"Server Log"},{"channel":65519,"name":"Spells"}],"bestiaryTrackerWidgetOptions":{"sortOrder":"ascending","contentHeight":150,"contentMaximized":true,"sortKey":"name"},"questTrackerWidgetOptions":[],"npcTradeOptions":[],"xpAnalyserWidgetOptions":[],"unjustifiedPointsOptions":[],"partyHuntAnalyserOptions":[],"preyWidgetOptions":[],"horizontalLeftOptions":{"contentHeight":0}}